id,label,node_type,zbetween_central,zdeg_central,zpagerank
0,"Schlegel, David J.",Author,0.0,0.311004784689,0.00284434621528
1,"Finkbeiner, Douglas P.",Author,0.0,0.311004784689,0.00284434621528
2,"Davis, Marc",Author,0.0,0.311004784689,0.00284434621528
3,"Riess, Adam G.",Author,0.0104580953426,0.385167464115,0.00410519758983
4,"Filippenko, Alexei V.",Author,0.0104580953426,0.385167464115,0.00410519758983
5,"Challis, Peter",Author,0.0104580953426,0.385167464115,0.00410519758983
6,"Clocchiatti, Alejandro",Author,0.0104580953426,0.385167464115,0.00410519758983
7,"Diercks, Alan",Author,0.0,0.0980861244019,0.00160772762943
8,"Garnavich, Peter M.",Author,0.0,0.0980861244019,0.00160772762943
9,"Gilliland, Ron L.",Author,0.0,0.0980861244019,0.00160772762943
10,"Hogan, Craig J.",Author,0.0,0.0980861244019,0.00160772762943
11,"Jha, Saurabh",Author,0.0104580953426,0.385167464115,0.00410519758983
12,"Kirshner, Robert P.",Author,0.0104580953426,0.385167464115,0.00410519758983
13,"Leibundgut, B.",Author,0.0,0.0980861244019,0.00160772762943
14,"Phillips, M. M.",Author,0.0,0.0980861244019,0.00160772762943
15,"Reiss, David",Author,0.0,0.0980861244019,0.00160772762943
16,"Schmidt, Brian P.",Author,0.0104580953426,0.385167464115,0.00410519758983
17,"Schommer, Robert A.",Author,0.0,0.0980861244019,0.00160772762943
18,"Smith, R. Chris",Author,0.0104580953426,0.385167464115,0.00410519758983
19,"Spyromilio, J.",Author,0.0,0.0980861244019,0.00160772762943
20,"Stubbs, Christopher",Author,0.0,0.0980861244019,0.00160772762943
21,"Suntzeff, Nicholas B.",Author,0.0104580953426,0.385167464115,0.00410519758983
22,"Tonry, John",Author,0.0104580953426,0.385167464115,0.00410519758983
40,"Witten, Edward",Author,0.0100027155309,0.0837320574163,0.00287878405788
41,"Novoselov, K. S.",Author,0.0,0.131578947368,0.00212022586374
42,"Geim, A. K.",Author,0.0,0.131578947368,0.00212022586374
43,"Morozov, S. V.",Author,0.0,0.131578947368,0.00212022586374
44,"Jiang, D.",Author,0.0,0.131578947368,0.00212022586374
45,"Katsnelson, M. I.",Author,0.0,0.131578947368,0.00212022586374
46,"Grigorieva, I. V.",Author,0.0,0.131578947368,0.00212022586374
47,"Dubonos, S. V.",Author,0.0,0.131578947368,0.00212022586374
48,"Firsov, A. A.",Author,0.0,0.131578947368,0.00212022586374
49,"Randall, Lisa",Author,0.0,0.0478468899522,0.00195967322992
50,"Sundrum, Raman",Author,0.0,0.0478468899522,0.00195967322992
59,"Guth, Alan H.",Author,0.0253067539133,0.114832535885,0.00377646541951
60,"Navarro, Julio F.",Author,0.0,0.311004784689,0.00284434621528
61,"Frenk, Carlos S.",Author,0.0627500733521,0.437799043062,0.00461553519743
62,"White, Simon D. M.",Author,0.0900133565791,0.547846889952,0.00608497319165
65,"Weinberg, Steven",Author,0.027369778748,0.0861244019139,0.00323927577551
66,"Binney, James",Author,0.0,0.0287081339713,0.00131096121249
67,"Tremaine, Scott",Author,0.0164029949604,0.126794258373,0.00260339228906
68,"Maldacena, Juan",Author,0.0164652966622,0.0789473684211,0.00342571336453
69,"Arkani-Hamed, Nima",Author,0.0261694130683,0.117224880383,0.00385176992687
70,"Dimopoulos, Savas",Author,0.0356087515497,0.126794258373,0.00457051598428
71,"Dvali, Gia",Author,0.0261694130683,0.117224880383,0.00385176992687
74,"Peebles, Phillip James Edwin",Author,0.0,0.0287081339713,0.00131096121249
75,"Kennicutt, Robert C., Jr.",Author,0.0373152749336,0.33971291866,0.00368945492347
78,"Wald, R. M.",Author,0.0,0.0287081339713,0.00131096121249
79,"Antoniadis, Ignatios",Author,0.0,0.0502392344498,0.00203585275617
80,"Nilles, H. P.",Author,0.0,0.0622009569378,0.00226404476465
81,"Linde, A. D.",Author,0.0,0.0502392344498,0.00203585275617
82,"Press, William H.",Author,0.0,0.311004784689,0.00284434621528
83,"Schechter, Paul",Author,0.0,0.311004784689,0.00284434621528
84,"Condon, J. J.",Author,0.00187407148785,0.122009569378,0.00243367163575
85,"Cotton, W. D.",Author,0.0,0.0980861244019,0.00160772762943
86,"Greisen, E. W.",Author,0.0,0.0980861244019,0.00160772762943
87,"Yin, Q. F.",Author,0.0,0.0980861244019,0.00160772762943
88,"Perley, R. A.",Author,0.0,0.0980861244019,0.00160772762943
89,"Taylor, G. B.",Author,0.0,0.0980861244019,0.00160772762943
90,"Broderick, J. J.",Author,0.0,0.0980861244019,0.00160772762943
91,"Aharony, Ofer",Author,0.0164652966622,0.0789473684211,0.00342571336453
92,"Gubser, Steven S.",Author,0.0,0.0622009569378,0.00226404476465
93,"Ooguri, Hirosi",Author,0.0,0.0622009569378,0.00226404476465
94,"Oz, Yaron",Author,0.0,0.0622009569378,0.00226404476465
95,"Haber, H. E.",Author,0.0,0.0622009569378,0.00226404476465
96,"Kane, G. L.",Author,0.0,0.0622009569378,0.00226404476465
100,"Strolger, Louis-Gregory",Author,0.0,0.311004784689,0.00284434621528
101,"Casertano, Stefano",Author,0.0,0.311004784689,0.00284434621528
102,"Ferguson, Henry C.",Author,0.0137910808111,0.423444976077,0.00431480813645
103,"Mobasher, Bahram",Author,0.0,0.311004784689,0.00284434621528
104,"Li, Weidong",Author,0.0,0.311004784689,0.00284434621528
105,"Chornock, Ryan",Author,0.0,0.311004784689,0.00284434621528
106,"Leibundgut, Bruno",Author,0.0,0.311004784689,0.00284434621528
107,"Dickinson, Mark",Author,0.0,0.311004784689,0.00284434621528
108,"Livio, Mario",Author,0.0,0.311004784689,0.00284434621528
109,"Giavalisco, Mauro",Author,0.0137910808111,0.423444976077,0.00431480813645
110,"Steidel, Charles C.",Author,0.0137910808111,0.423444976077,0.00431480813645
111,"Benítez, Txitxo",Author,0.0,0.311004784689,0.00284434621528
112,"Tsvetanov, Zlatan",Author,0.0,0.311004784689,0.00284434621528
117,"Springel, Volker",Author,0.015444986668,0.267942583732,0.00358986711726
118,"Albrecht, Andreas",Author,0.0,0.0478468899522,0.00195967322992
119,"Steinhardt, Paul J.",Author,0.0253067539133,0.114832535885,0.00377646541951
120,"Harris, William E.",Author,0.0,0.0980861244019,0.00160772762943
121,"Asplund, Martin",Author,0.0,0.0287081339713,0.00114739112174
122,"Grevesse, Nicolas",Author,0.0,0.0287081339713,0.00114739112174
123,"Sauval, A. Jacques",Author,0.0,0.0287081339713,0.00114739112174
124,"Scott, Pat",Author,0.0,0.0287081339713,0.00114739112174
125,"Starobinsky, A. A.",Author,0.0,0.0502392344498,0.00203585275617
126,"Peebles, P. J.",Author,0.0,0.0574162679426,0.00226616257749
127,"Ratra, Bharat",Author,0.0511117012064,0.129186602871,0.004079886574
128,"Jungman, G.",Author,0.0,0.0622009569378,0.00226404476465
129,"Kamionkowski, M.",Author,0.0,0.0622009569378,0.00226404476465
130,"Griest, K.",Author,0.0,0.0622009569378,0.00226404476465
131,"Peebles, P. J. E.",Author,0.185658704262,0.406698564593,0.00568640835833
132,"Antonucci, R.",Author,0.0,0.0287081339713,0.00114739112174
133,"Jenkins, Adrian",Author,0.0,0.131578947368,0.00212022586374
134,"Yoshida, Naoki",Author,0.0,0.131578947368,0.00212022586374
135,"Gao, Liang",Author,0.0,0.131578947368,0.00212022586374
136,"Navarro, Julio",Author,0.0,0.131578947368,0.00212022586374
137,"Thacker, Robert",Author,0.0,0.131578947368,0.00212022586374
138,"Croton, Darren",Author,0.0,0.131578947368,0.00212022586374
139,"Helly, John",Author,0.0,0.131578947368,0.00212022586374
140,"Peacock, John A.",Author,0.0,0.131578947368,0.00212022586374
141,"Cole, Shaun",Author,0.0,0.131578947368,0.00212022586374
142,"Thomas, Peter",Author,0.0,0.131578947368,0.00212022586374
143,"Couchman, Hugh",Author,0.0,0.131578947368,0.00212022586374
144,"Evrard, August",Author,0.0,0.131578947368,0.00212022586374
145,"Colberg, Jörg",Author,0.0,0.131578947368,0.00212022586374
146,"Pearce, Frazer",Author,0.0,0.131578947368,0.00212022586374
151,"Magorrian, John",Author,0.0,0.0980861244019,0.00160772762943
152,"Richstone, Douglas",Author,0.00187407148785,0.122009569378,0.00243367163575
153,"Bender, Ralf",Author,0.0,0.0980861244019,0.00160772762943
154,"Bower, Gary",Author,0.0,0.0980861244019,0.00160772762943
155,"Dressler, Alan",Author,0.0,0.0980861244019,0.00160772762943
156,"Faber, S. M.",Author,0.0,0.0980861244019,0.00160772762943
157,"Gebhardt, Karl",Author,0.0,0.0980861244019,0.00160772762943
158,"Green, Richard",Author,0.0,0.0980861244019,0.00160772762943
159,"Grillmair, Carl",Author,0.0,0.0980861244019,0.00160772762943
160,"Kormendy, John",Author,0.00187407148785,0.122009569378,0.00243367163575
161,"Lauer, Tod",Author,0.0,0.0980861244019,0.00160772762943
162,"Freedman, Wendy L.",Author,0.0,0.311004784689,0.00284434621528
163,"Madore, Barry F.",Author,0.0,0.311004784689,0.00284434621528
164,"Gibson, Brad K.",Author,0.0,0.311004784689,0.00284434621528
165,"Ferrarese, Laura",Author,0.0,0.311004784689,0.00284434621528
166,"Kelson, Daniel D.",Author,0.0,0.311004784689,0.00284434621528
167,"Sakai, Shoko",Author,0.0,0.311004784689,0.00284434621528
168,"Mould, Jeremy R.",Author,0.0,0.311004784689,0.00284434621528
169,"Ford, Holland C.",Author,0.0,0.311004784689,0.00284434621528
170,"Graham, John A.",Author,0.0,0.311004784689,0.00284434621528
171,"Huchra, John P.",Author,0.0,0.311004784689,0.00284434621528
172,"Hughes, Shaun M. G.",Author,0.0,0.311004784689,0.00284434621528
173,"Illingworth, Garth D.",Author,0.0,0.311004784689,0.00284434621528
174,"Macri, Lucas M.",Author,0.0,0.311004784689,0.00284434621528
175,"Stetson, Peter B.",Author,0.0,0.311004784689,0.00284434621528
176,"Gunn, James E.",Author,0.0,0.311004784689,0.00284434621528
177,"Gott, J. Richard, III",Author,0.0,0.311004784689,0.00284434621528
184,"Schechter, P.",Author,0.0,0.311004784689,0.00284434621528
185,"White, S. D. M.",Author,0.0137910808111,0.423444976077,0.00431480813645
186,"Rees, M. J.",Author,0.0,0.138755980861,0.00182217157529
187,"Caldwell, R. R.",Author,0.00400559934827,0.0980861244019,0.00365180412283
188,"Dave, Rahul",Author,0.0,0.0478468899522,0.00195967322992
189,"Metzler, Ralf",Author,0.0,0.0622009569378,0.00226404476465
190,"Klafter, Joseph",Author,0.0,0.0622009569378,0.00226404476465
191,"Dvali, G.",Author,0.0,0.0502392344498,0.00203585275617
192,"Gabadadze, G.",Author,0.0,0.0502392344498,0.00203585275617
193,"Porrati, M.",Author,0.0,0.0502392344498,0.00203585275617
194,"Unruh, W. G.",Author,0.0,0.0717703349282,0.00215873452645
195,"Candelas, P.",Author,0.0,0.0143540669856,0.00100976701928
196,"Horowitz, Gary T.",Author,0.0,0.0143540669856,0.00100976701928
197,"Strominger, Andrew",Author,0.000591597808561,0.0622009569378,0.00274052412494
198,"Fukugita, M.",Author,0.0,0.0502392344498,0.00203585275617
199,"Yanagida, T.",Author,0.0,0.0502392344498,0.00203585275617
200,"Mukhanov, V. F.",Author,0.0,0.0622009569378,0.00226404476465
201,"Feldman, H. A.",Author,0.0,0.0622009569378,0.00226404476465
202,"Brandenberger, R. H.",Author,0.0,0.0622009569378,0.00226404476465
203,"Lewis, Antony",Author,0.135632278235,0.38038277512,0.00467519569853
204,"Challinor, Anthony",Author,0.0,0.311004784689,0.00284434621528
205,"Lasenby, Anthony",Author,0.0,0.311004784689,0.00284434621528
206,"Kachru, Shamit",Author,0.0,0.0717703349282,0.00215873452645
207,"Kallosh, Renata",Author,0.0,0.0717703349282,0.00215873452645
208,"Linde, Andrei",Author,0.0,0.0717703349282,0.00215873452645
209,"Trivedi, Sandip P.",Author,0.0,0.0717703349282,0.00215873452645
210,"Davis, M.",Author,0.0104580953426,0.385167464115,0.00410519758983
211,"Efstathiou, G.",Author,0.0,0.311004784689,0.00284434621528
212,"Frenk, C. S.",Author,0.0137910808111,0.423444976077,0.00431480813645
216,"Greisen, Kenneth",Author,0.0,0.0478468899522,0.00195967322992
217,"Bertone, Gianfranco",Author,0.0,0.0622009569378,0.00226404476465
218,"Hooper, Dan",Author,0.0,0.0622009569378,0.00226404476465
219,"Silk, Joseph",Author,0.214499726787,0.409090909091,0.00628177444404
220,"Croton, Darren J.",Author,0.0,0.138755980861,0.00182217157529
221,"De Lucia, G.",Author,0.0,0.138755980861,0.00182217157529
222,"Gao, L.",Author,0.0,0.138755980861,0.00182217157529
223,"Jenkins, A.",Author,0.0,0.138755980861,0.00182217157529
224,"Kauffmann, G.",Author,0.0,0.138755980861,0.00182217157529
225,"Navarro, J. F.",Author,0.0,0.138755980861,0.00182217157529
226,"Yoshida, N.",Author,0.0,0.138755980861,0.00182217157529
227,"Górski, K. M.",Author,0.0,0.311004784689,0.00284434621528
228,"Hivon, E.",Author,0.0,0.311004784689,0.00284434621528
229,"Banday, A. J.",Author,0.0,0.311004784689,0.00284434621528
230,"Wandelt, B. D.",Author,0.0,0.311004784689,0.00284434621528
231,"Hansen, F. K.",Author,0.0,0.311004784689,0.00284434621528
232,"Reinecke, M.",Author,0.0,0.311004784689,0.00284434621528
233,"Bartelmann, M.",Author,0.0,0.311004784689,0.00284434621528
234,"Padmanabhan, T.",Author,0.0,0.0622009569378,0.00226404476465
235,"Polyakov, A. M.",Author,0.0,0.0502392344498,0.00203585275617
236,"Bañados, Máximo",Author,0.0,0.0478468899522,0.00195967322992
237,"Teitelboim, Claudio",Author,0.0,0.0478468899522,0.00195967322992
238,"Zanelli, Jorge",Author,0.0,0.0478468899522,0.00195967322992
239,"Vafa, Cumrun",Author,0.0,0.0502392344498,0.00203585275617
240,"Moore, Ben",Author,0.0,0.311004784689,0.00284434621528
241,"Ghigna, Sebastiano",Author,0.0,0.311004784689,0.00284434621528
242,"Governato, Fabio",Author,0.0,0.311004784689,0.00284434621528
243,"Lake, George",Author,0.0,0.311004784689,0.00284434621528
244,"Quinn, Thomas",Author,0.0,0.311004784689,0.00284434621528
245,"Stadel, Joachim",Author,0.0,0.311004784689,0.00284434621528
246,"Tozzi, Paolo",Author,0.0,0.311004784689,0.00284434621528
247,"Burbidge, E. Margaret",Author,0.0,0.0574162679426,0.00226616257749
248,"Burbidge, G. R.",Author,0.0,0.0574162679426,0.00226616257749
249,"Fowler, William A.",Author,0.0,0.0574162679426,0.00226616257749
250,"Hoyle, F.",Author,0.0,0.0574162679426,0.00226616257749
251,"Polchinski, Joseph",Author,0.0253067539133,0.114832535885,0.00377646541951
252,"Bridle, Sarah",Author,0.0,0.0717703349282,0.00215873452645
253,"Bruzual A., Gustavo",Author,0.0,0.311004784689,0.00284434621528
254,"Charlot, Stephane",Author,0.0,0.311004784689,0.00284434621528
255,"Hartle, J. B.",Author,0.0,0.0717703349282,0.00215873452645
256,"Hawking, S. W.",Author,0.0,0.0717703349282,0.00215873452645
257,"Seljak, Uros",Author,0.0,0.311004784689,0.00284434621528
258,"Zaldarriaga, Matias",Author,0.0,0.311004784689,0.00284434621528
259,"Fanaroff, B. L.",Author,0.0,0.138755980861,0.00182217157529
260,"Riley, J. M.",Author,0.0,0.138755980861,0.00182217157529
261,"Wetterich, C.",Author,0.0,0.0143540669856,0.00100976701928
262,"Alwall, Johan",Author,0.0,0.0191387559809,0.00146162061816
263,"Herquet, Michel",Author,0.0,0.0191387559809,0.00146162061816
264,"Maltoni, Fabio",Author,0.0,0.0191387559809,0.00146162061816
265,"Mattelaer, Olivier",Author,0.0,0.0191387559809,0.00146162061816
266,"Stelzer, Tim",Author,0.0,0.0191387559809,0.00146162061816
267,"Mateo, Mario L.",Author,0.0,0.0287081339713,0.00114739112174
268,"Kuzmin, V. A.",Author,0.0,0.0502392344498,0.00203585275617
269,"Rubakov, V. A.",Author,0.0,0.0502392344498,0.00203585275617
270,"Shaposhnikov, M. E.",Author,0.0,0.0502392344498,0.00203585275617
271,"Tremonti, Christy A.",Author,0.0,0.311004784689,0.00284434621528
272,"Heckman, Timothy M.",Author,0.0137910808111,0.423444976077,0.00431480813645
273,"Kauffmann, Guinevere",Author,0.0137910808111,0.423444976077,0.00431480813645
274,"Brinchmann, Jarle",Author,0.0137910808111,0.423444976077,0.00431480813645
275,"Charlot, Stéphane",Author,0.0137910808111,0.423444976077,0.00431480813645
276,"Seibert, Mark",Author,0.0,0.311004784689,0.00284434621528
277,"Peng, Eric W.",Author,0.0,0.311004784689,0.00284434621528
278,"Uomoto, Alan",Author,0.0,0.311004784689,0.00284434621528
279,"Fukugita, Masataka",Author,0.0137910808111,0.423444976077,0.00431480813645
280,"Brinkmann, Jon",Author,0.0137910808111,0.423444976077,0.00431480813645
281,"Zurek, Wojciech Hubert",Author,0.0,0.0574162679426,0.00226616257749
282,"Madau, Piero",Author,0.0,0.138755980861,0.00182217157529
283,"Dickinson, Mark E.",Author,0.0,0.138755980861,0.00182217157529
284,"Fruchter, Andrew",Author,0.0,0.138755980861,0.00182217157529
285,"Gibbons, G. W.",Author,0.0,0.0717703349282,0.00215873452645
286,"Sheth, Ravi K.",Author,0.0,0.138755980861,0.00182217157529
287,"Tormen, Giuseppe",Author,0.0,0.138755980861,0.00182217157529
301,"Tully, R. B.",Author,0.0,0.0358851674641,0.00178897962155
302,"Fisher, J. R.",Author,0.0,0.0358851674641,0.00178897962155
303,"Pilbratt, G. L.",Author,0.0,0.0358851674641,0.00178897962155
304,"Riedinger, J. R.",Author,0.0,0.0358851674641,0.00178897962155
305,"Passvogel, T.",Author,0.0,0.0358851674641,0.00178897962155
306,"Crone, G.",Author,0.0,0.0358851674641,0.00178897962155
307,"Doyle, D.",Author,0.0,0.0358851674641,0.00178897962155
308,"Gageur, U.",Author,0.0,0.0358851674641,0.00178897962155
309,"Heras, A. M.",Author,0.0,0.0358851674641,0.00178897962155
310,"Jewell, C.",Author,0.0,0.0358851674641,0.00178897962155
311,"Metcalfe, L.",Author,0.0,0.0358851674641,0.00178897962155
312,"Ott, S.",Author,0.0,0.0358851674641,0.00178897962155
313,"Schmidt, M.",Author,0.0,0.0358851674641,0.00178897962155
315,"Klypin, Anatoly",Author,0.0,0.311004784689,0.00284434621528
316,"Kravtsov, Andrey V.",Author,0.0,0.311004784689,0.00284434621528
317,"Valenzuela, Octavio",Author,0.0,0.311004784689,0.00284434621528
318,"Prada, Francisco",Author,0.0,0.311004784689,0.00284434621528
319,"Bardeen, James M.",Author,0.0,0.0717703349282,0.00215873452645
322,"Parker, E. N.",Author,0.0,0.0287081339713,0.00131096121249
323,"Tremonti, Christy",Author,0.0,0.138755980861,0.00182217157529
324,"Ridgway, Susan E.",Author,0.0,0.138755980861,0.00182217157529
325,"Hall, Patrick B.",Author,0.0,0.138755980861,0.00182217157529
326,"Ivezić, Željko",Author,0.0,0.138755980861,0.00182217157529
327,"Richards, Gordon T.",Author,0.0,0.138755980861,0.00182217157529
328,"Schneider, Donald P.",Author,0.0,0.138755980861,0.00182217157529
330,"Perlmutter, S.",Author,0.0,0.131578947368,0.00212022586374
331,"Aldering, G.",Author,0.0,0.131578947368,0.00212022586374
332,"Valle, M. Della",Author,0.0,0.131578947368,0.00212022586374
333,"Deustua, S.",Author,0.0,0.131578947368,0.00212022586374
334,"Ellis, R. S.",Author,0.0,0.131578947368,0.00212022586374
335,"Fabbro, S.",Author,0.0,0.131578947368,0.00212022586374
336,"Fruchter, A.",Author,0.0,0.131578947368,0.00212022586374
337,"Goldhaber, G.",Author,0.0,0.131578947368,0.00212022586374
338,"Groom, D. E.",Author,0.0,0.131578947368,0.00212022586374
339,"Hook, I. M.",Author,0.0,0.131578947368,0.00212022586374
340,"Kim, A. G.",Author,0.0,0.131578947368,0.00212022586374
341,"Kim, M. Y.",Author,0.0,0.131578947368,0.00212022586374
342,"Knop, R. A.",Author,0.0,0.131578947368,0.00212022586374
343,"Lidman, C.",Author,0.0,0.131578947368,0.00212022586374
344,"McMahon, R. G.",Author,0.0,0.131578947368,0.00212022586374
345,"Nugent, P.",Author,0.0,0.131578947368,0.00212022586374
346,"Pain, R.",Author,0.0,0.131578947368,0.00212022586374
347,"Panagia, N.",Author,0.0,0.131578947368,0.00212022586374
348,"Pennypacker, C. R.",Author,0.0,0.131578947368,0.00212022586374
349,"Ruiz-Lapuente, P.",Author,0.0,0.131578947368,0.00212022586374
350,"Schaefer, B.",Author,0.0627500733521,0.437799043062,0.00461553519743
351,"Walton, N.",Author,0.0,0.131578947368,0.00212022586374
352,"Turner, Michael S.",Author,0.00516188545912,0.0980861244019,0.00313867971609
353,"Bullock, J. S.",Author,0.0,0.138755980861,0.00182217157529
354,"Kolatt, T. S.",Author,0.0,0.138755980861,0.00182217157529
355,"Sigad, Y.",Author,0.0,0.138755980861,0.00182217157529
356,"Somerville, R. S.",Author,0.0,0.138755980861,0.00182217157529
357,"Kravtsov, A. V.",Author,0.0,0.138755980861,0.00182217157529
358,"Klypin, A. A.",Author,0.0,0.138755980861,0.00182217157529
359,"Primack, J. R.",Author,0.0,0.138755980861,0.00182217157529
360,"Dekel, A.",Author,0.0,0.138755980861,0.00182217157529
361,"Kovtun, P. K.",Author,0.0,0.0478468899522,0.00195967322992
362,"Son, D. T.",Author,0.0,0.0478468899522,0.00195967322992
363,"Starinets, A. O.",Author,0.0,0.0478468899522,0.00195967322992
364,"Zel'dovich, Ya. B.",Author,0.0,0.0358851674641,0.00178897962155
365,"Lacey, C.",Author,0.0,0.138755980861,0.00182217157529
366,"Cole, S.",Author,0.0,0.138755980861,0.00182217157529
367,"Zlatev, Ivaylo",Author,0.0,0.0478468899522,0.00195967322992
368,"Wang, Limin",Author,0.0,0.0478468899522,0.00195967322992
369,"Georgi, Howard",Author,0.0,0.0143540669856,0.00100976701928
370,"Antoniadis, I.",Author,0.0,0.0502392344498,0.00203585275617
371,"Mohapatra, Rabindra N.",Author,0.0,0.0717703349282,0.00215873452645
372,"Senjanović, Goran",Author,0.0,0.0717703349282,0.00215873452645
373,"Lada, Charles J.",Author,0.0,0.0287081339713,0.00114739112174
374,"Lada, Elizabeth A.",Author,0.0,0.0287081339713,0.00114739112174
375,"Woosley, S. E.",Author,0.0,0.311004784689,0.00284434621528
376,"Sotiriou, Thomas P.",Author,0.0,0.0574162679426,0.00226616257749
377,"Faraoni, Valerio",Author,0.0,0.0574162679426,0.00226616257749
378,"Di Matteo, Tiziana",Author,0.0,0.131578947368,0.00212022586374
379,"Hernquist, Lars",Author,0.0,0.131578947368,0.00212022586374
380,"Gross, David J.",Author,0.0,0.0574162679426,0.00226616257749
381,"Pisarski, Robert D.",Author,0.0,0.0574162679426,0.00226616257749
382,"Yaffe, Laurence G.",Author,0.0,0.0574162679426,0.00226616257749
383,"Pi, So-Young",Author,0.0,0.0478468899522,0.00195967322992
384,"Gasser, J.",Author,0.0,0.0622009569378,0.00226404476465
385,"Leutwyler, H.",Author,0.0,0.0622009569378,0.00226404476465
386,"Balbus, Steven A.",Author,0.0,0.0574162679426,0.00226616257749
387,"Hawley, John F.",Author,0.0,0.0574162679426,0.00226616257749
388,"Duncan, Robert C.",Author,0.0,0.311004784689,0.00284434621528
389,"Thompson, Christopher",Author,0.0,0.311004784689,0.00284434621528
392,"Milgrom, M.",Author,0.0,0.311004784689,0.00284434621528
393,"Dekel, Avishai",Author,0.0,0.311004784689,0.00284434621528
394,"Sachs, R. K.",Author,0.0,0.311004784689,0.00284434621528
395,"Wolfe, A. M.",Author,0.0,0.311004784689,0.00284434621528
396,"Bower, R. G.",Author,0.0,0.138755980861,0.00182217157529
397,"Benson, A. J.",Author,0.0,0.138755980861,0.00182217157529
398,"Malbon, R.",Author,0.0,0.138755980861,0.00182217157529
399,"Helly, J. C.",Author,0.0,0.138755980861,0.00182217157529
400,"Baugh, C. M.",Author,0.0,0.138755980861,0.00182217157529
401,"Lacey, C. G.",Author,0.0,0.138755980861,0.00182217157529
402,"Kaiser, N.",Author,0.0,0.138755980861,0.00182217157529
403,"Carroll, Sean M.",Author,0.0,0.0717703349282,0.00215873452645
404,"Duvvuri, Vikram",Author,0.0,0.0717703349282,0.00215873452645
405,"Trodden, Mark",Author,0.0,0.0717703349282,0.00215873452645
406,"Coleman, Sidney",Author,0.0,0.0717703349282,0.00215873452645
407,"Giddings, Steven B.",Author,0.0,0.0717703349282,0.00215873452645
408,"Blandford, R. D.",Author,0.0,0.311004784689,0.00284434621528
409,"Königl, A.",Author,0.0,0.311004784689,0.00284434621528
410,"Vilenkin, A.",Author,0.0,0.0622009569378,0.00226404476465
411,"Tonry, John L.",Author,0.0,0.311004784689,0.00284434621528
412,"Barris, Brian",Author,0.0,0.311004784689,0.00284434621528
413,"Candia, Pablo",Author,0.0,0.311004784689,0.00284434621528
414,"Coil, Alison L.",Author,0.0,0.311004784689,0.00284434621528
415,"Garnavich, Peter",Author,0.0,0.311004784689,0.00284434621528
416,"Hogan, Craig",Author,0.0,0.311004784689,0.00284434621528
417,"Holland, Stephen T.",Author,0.0,0.311004784689,0.00284434621528
418,"Krisciunas, Kevin",Author,0.0,0.311004784689,0.00284434621528
419,"Matheson, Thomas",Author,0.0,0.311004784689,0.00284434621528
420,"Phillips, Mark M.",Author,0.0,0.311004784689,0.00284434621528
421,"Schommer, Robert",Author,0.0,0.311004784689,0.00284434621528
422,"Sollerman, Jesper",Author,0.0,0.311004784689,0.00284434621528
423,"Spyromilio, Jason",Author,0.0,0.311004784689,0.00284434621528
424,"Stubbs, Christopher W.",Author,0.0,0.311004784689,0.00284434621528
425,"Kolb, Edward W.",Author,0.0,0.0287081339713,0.00131096121249
426,"Tonry, J.",Author,0.0,0.0980861244019,0.00160772762943
427,"Douglas, Michael R.",Author,0.0,0.0574162679426,0.00226616257749
428,"Nekrasov, Nikita A.",Author,0.0,0.0574162679426,0.00226616257749
429,"Band, D.",Author,0.0,0.311004784689,0.00284434621528
430,"Matteson, J.",Author,0.0,0.311004784689,0.00284434621528
431,"Ford, L.",Author,0.0,0.311004784689,0.00284434621528
432,"Palmer, D.",Author,0.0,0.311004784689,0.00284434621528
433,"Teegarden, B.",Author,0.0,0.311004784689,0.00284434621528
434,"Cline, T.",Author,0.0,0.311004784689,0.00284434621528
435,"Briggs, M.",Author,0.0,0.311004784689,0.00284434621528
436,"Paciesas, W.",Author,0.0,0.311004784689,0.00284434621528
437,"Pendleton, G.",Author,0.0,0.311004784689,0.00284434621528
438,"Fishman, G.",Author,0.0,0.311004784689,0.00284434621528
439,"Kouveliotou, C.",Author,0.0,0.311004784689,0.00284434621528
440,"Meegan, C.",Author,0.0,0.311004784689,0.00284434621528
441,"Wilson, R.",Author,0.0,0.311004784689,0.00284434621528
442,"Lestrade, P.",Author,0.0,0.311004784689,0.00284434621528
444,"Kamenshchik, A.",Author,0.0,0.0502392344498,0.00203585275617
445,"Moschella, U.",Author,0.0,0.0502392344498,0.00203585275617
446,"Pasquier, V.",Author,0.0,0.0502392344498,0.00203585275617
448,"Adelberger, Kurt L.",Author,0.0,0.311004784689,0.00284434621528
449,"Pettini, Max",Author,0.0,0.311004784689,0.00284434621528
450,"Monaghan, J. J.",Author,0.0,0.0287081339713,0.00114739112174
451,"Dirac, P. A.",Author,0.0,0.0574162679426,0.00226616257749
452,"Begelman, Mitchell C.",Author,0.0,0.0574162679426,0.00226616257749
453,"Blandford, Roger D.",Author,0.0,0.0574162679426,0.00226616257749
454,"Rees, Martin J.",Author,0.031677195706,0.0933014354067,0.00371677369558
455,"Hehl, Friedrich W.",Author,0.0,0.0574162679426,0.00226616257749
456,"von der Heyde, Paul",Author,0.0,0.0574162679426,0.00226616257749
457,"Kerlick, G. David",Author,0.0,0.0574162679426,0.00226616257749
458,"Nester, James M.",Author,0.0,0.0574162679426,0.00226616257749
459,"Schneider, Peter",Author,0.0,0.0287081339713,0.00131096121249
460,"Ehlers, Jürgen",Author,0.0,0.0287081339713,0.00131096121249
461,"Falco, Emilio E.",Author,0.0,0.0287081339713,0.00131096121249
462,"Guiderdoni, B.",Author,0.0,0.138755980861,0.00182217157529
463,"Martin, Stephen P.",Author,0.0,0.0287081339713,0.00131096121249
466,"Caldwell, Robert R.",Author,0.0,0.0478468899522,0.00195967322992
467,"Kamionkowski, Marc",Author,0.0,0.0478468899522,0.00195967322992
468,"Weinberg, Nevin N.",Author,0.0,0.0478468899522,0.00195967322992
479,"Brinchmann, J.",Author,0.0,0.138755980861,0.00182217157529
480,"Charlot, S.",Author,0.0,0.138755980861,0.00182217157529
481,"Tremonti, C.",Author,0.0,0.138755980861,0.00182217157529
482,"Heckman, T.",Author,0.0,0.138755980861,0.00182217157529
483,"Brinkmann, J.",Author,0.0,0.138755980861,0.00182217157529
484,"Demorest, P. B.",Author,0.0,0.131578947368,0.00212022586374
485,"Pennucci, T.",Author,0.0,0.131578947368,0.00212022586374
486,"Ransom, S. M.",Author,0.0,0.131578947368,0.00212022586374
487,"Roberts, M. S. E.",Author,0.0,0.131578947368,0.00212022586374
488,"Hessels, J. W. T.",Author,0.0,0.131578947368,0.00212022586374
489,"Mo, H. J.",Author,0.0,0.138755980861,0.00182217157529
490,"Mao, Shude",Author,0.0,0.138755980861,0.00182217157529
491,"Bergman, Oren",Author,0.0,0.0191387559809,0.00146162061816
492,"Jafferis, Daniel Louis",Author,0.0,0.0191387559809,0.00146162061816
493,"Schmidt, Maarten",Author,0.0,0.311004784689,0.00284434621528
494,"Hořava, Petr",Author,0.0,0.0717703349282,0.00215873452645
499,"Lyth, D. H. D. H.",Author,0.0,0.0622009569378,0.00226404476465
500,"Riotto, A. A.",Author,0.0,0.0622009569378,0.00226404476465
501,"Colladay, D.",Author,0.0,0.0717703349282,0.00215873452645
502,"Kostelecký, V. Alan",Author,0.0,0.0717703349282,0.00215873452645
503,"Barnes, Josh",Author,0.0,0.131578947368,0.00212022586374
504,"Hut, Piet",Author,0.0,0.131578947368,0.00212022586374
505,"Blandford, Roger",Author,0.0,0.0622009569378,0.00226404476465
506,"Eichler, David",Author,0.0,0.0622009569378,0.00226404476465
